<?xml version='1.0' encoding='utf-8'?>
<!DOCTYPE hibernate-configuration SYSTEM 
"http://www.hibernate.org/dtd/hibernate-configuration-3.0.dtd">
<hibernate-configuration>
	<session-factory>
		<property name="connection.driver_class">com.mysql.jdbc.Driver</property>
		<property name="connection.url">jdbc:mysql://localhost:3306/myhiber1</property>
		<property name="connection.username">root</property>
		<property name="connection.password">root</property>
		<property name="dialect">org.hibernate.dialect.MySQL8Dialect</property>
		<property name="hibernate.hbm2ddl.auto">update</property>
		<property name="show_sql">true</property>
		<property name="format_sql">true</property>
		<mapping class="com.user.User"></mapping>
		<mapping class="com.flight.view.ViewFlight"></mapping>
		<mapping class="com.flight.book.BookFlight"></mapping>
	</session-factory>
</hibernate-configuration>